,Exon from 3'-UTR to 3'-UTR,Splice Junction Intron from Coding_Region to Coding_Region to Exon from 3'-UTR to 3'-UTR,Translation_End,Exon from Coding_Region to 3'-UTR,Exon in a ncRNA,Splice Junction 5'-UTR to 3'-UTR,Intron in a ncRNA,Intron from 5'-UTR to 5'-UTR,Intron from Coding_Region to Coding_Region,Exon from 5'-UTR to Coding_Region,Exon from Coding_Region to Coding_Region,Exon from 5'-UTR to 3'-UTR,Splice Junction Intron in a ncRNA to Exon in a ncRNA,Intron from 3'-UTR to 3'-UTR,5'-UTR,Splice Junction Exon in a ncRNA to Intron in a ncRNA,Translation_Start,Exon from 5'-UTR to 5'-UTR,Splice Junction Intron from 5'-UTR to 5'-UTR to Exon from 5'-UTR to 5'-UTR,3'-UTR,Splice Junction Exon from Coding_Region to Coding_Region to Intron from Coding_Region to Coding_Region,Splice Junction Intron from Coding_Region to Coding_Region to Exon from Coding_Region to Coding_Region
IonXpress_SFPQ_N Count,0.5692599620493358,0.09487666034155598,0.04743833017077799,2.6565464895635675,23.908918406072104,0.18975332068311196,15.417457305502847,3.700189753320683,21.774193548387096,2.5142314990512333,4.696394686907021,3.747628083491461,0.09487666034155598,4.8861480075901325,5.455407969639469,0.14231499051233396,0.14231499051233396,0.33206831119544594,0.04743833017077799,9.392789373814042,0.09487666034155598,0.09487666034155598
IonXpress_NONO_N Count,0.11942675159235669,0.15923566878980894,0.07961783439490447,0.7165605095541402,23.726114649681527,0.0,15.92356687898089,6.449044585987261,22.611464968152866,0.9156050955414012,1.3535031847133758,4.697452229299364,0.039808917197452234,5.015923566878981,7.921974522292993,0.039808917197452234,0.07961783439490447,0.11942675159235669,0.0,9.99203821656051,0.039808917197452234,0.0
