,Splice Junction 5'-UTR to 3'-UTR,Exon from 3'-UTR to 3'-UTR,Exon in a ncRNA,Intron from Coding_Region to Coding_Region,Exon from 5'-UTR to Coding_Region,Exon from 5'-UTR to 3'-UTR,Intron from 3'-UTR to 3'-UTR,Intron in a ncRNA,3'-UTR,Intron from 5'-UTR to 5'-UTR,5'-UTR,Exon from Coding_Region to 3'-UTR,Exon from 5'-UTR to 5'-UTR
MiSeqSFPQc.csv Count,0.12330456226880394,0.12330456226880394,20.838471023427868,19.482120838471022,0.36991368680641185,2.9593094944512948,8.261405672009865,11.22071516646116,12.083847102342787,12.20715166461159,12.083847102342787,0.2466091245376079,0.0
MiSeqNONOc.csv Count,0.0,0.0,20.435967302452315,16.62125340599455,0.2724795640326975,4.904632152588556,8.310626702997276,13.35149863760218,13.079019073569482,11.444141689373296,11.444141689373296,0.0,0.13623978201634876
